028746,255,256,258,259,260
003277,30,174,263,264,265,267,268,269,270,271,272,273,274,275,277,278,57,279,280,281,282,285,286,287,288
007290,60,62,63,64,65,66,68,69,70,71,72,73,74,75,77,79,80,81,82,83,85,87,88,89
035989,119,120,121,122,123,124,126,2,128,4,129,6,131,8,132,9,133,10,134,135,136,137,11,138
004856,427,428,430,431,434,435,437,438,440,441,442,443,444,445,446,447,448,449,450,451
008013,289,290,291,292,293,295,296,298,299,300,301,302,303,304,305,306,307,308,309,311,313,314,316,317,318
028666,115,116,117,118
074500,589,590,591,593,594,595,596,597,598,599,601,603,605,606,607,608,609,610,611,612,613,614,615,616,617
022311,119,120,135,202,203,204,24,205,206,207,208,209,210,211,212,213,214,215,216,218,221,222,223,224
007224,140,141,143,144,146,148,149,150,151,152,153,154,155,156,157,158,159,160,161,163,164,165,166,167,168
002116,502,505,506,507,509,511,512,513,514,515,516,517,518,520,521,522,523,524,525,527,528,529,530,531
036041,261
001352,30,175,37,176,177,178,179,56,182,183,184,185,186,187,189,190,191,192,193,194,195,196,199,200
001390,119,129,10,562,563,564,566,567,568,569,570,571,573,574,575,576,577,578,579,580,582,584,585,588
007828,30,482,484,485,486,487,488,490,491,492,494,495,497,498
000686,90,91,93,94,95,96,97,99,100,101,104,105,106,107,108,109,110,111,112
011032,369,374,400,401,402,403,404,405,406,409,410,411,412,414,415,416,417,419,420,421,422,423,424,425,426
004253,170,171,173
000930,225,226,227,228,229,231,232,233,234,235,236,238,239,241,242,243,244,246,247,248,250,251,252,254
000159,319,320,321,322,323,324,325,326,327,328,329,331,332,333,335,336,337
000183,452,453,454,455,457,458,459,461,462,463,464,466,467,468,470,471,472,474,475,477,478,479,480,481
000805,0,1,2,5,7,8,9,10,11,12,13,14,15,16,17,18,19,20,21,22,24,25,26,27,28,29
006633,499,501
053690,532,533,535,536,537,538,539,540,541,542,543,545,547,548,549,550,551,552,554,555,556,557,558,560
011887,369,371,372,374,375,376,378,379,380,381,382,383,385,387,388,389,390,392,393,394,395,396,397,398
000919,30,31,32,33,35,36,37,38,39,42,43,45,46,47,48,49,50,51,52,54,55,57,58,59
173082,339,340,341,342,343,344,345,346,348,349,350,352,354,355,356,357,359,360,361,363,364,365,366,367,368
